<?xml version="1.0" encoding="utf-8"?>
<fps-config>
    <!-- Mobile Legends: Bang Bang -->
    <app package="com.mobile.legends">
        <fps value="120" />
        <options unlockHighFPS="true" enableGPUBoost="true" enableSmoothRendering="true" />
    </app>
    
    <!-- PUBG Mobile -->
    <app package="com.tencent.ig">
        <fps value="120" />
        <options unlockHighFPS="true" enableGPUBoost="true" enableSmoothRendering="true" />
    </app>
    
    <!-- PUBG Mobile Lite -->
    <app package="com.tencent.iglite">
        <fps value="120" />
        <options unlockHighFPS="true" enableGPUBoost="true" enableSmoothRendering="true" />
    </app>
    
    <!-- PUBG Mobile Korean Version -->
    <app package="com.pubg.krmobile">
        <fps value="120" />
        <options unlockHighFPS="true" enableGPUBoost="true" enableSmoothRendering="true" />
    </app>
    
    <!-- PUBG Mobile Vietnam Version -->
    <app package="com.vng.pubgmobile">
        <fps value="120" />
        <options unlockHighFPS="true" enableGPUBoost="true" enableSmoothRendering="true" />
    </app>
    
    <!-- PUBG Mobile Taiwan Version -->
    <app package="com.rekoo.pubgm">
        <fps value="120" />
        <options unlockHighFPS="true" enableGPUBoost="true" enableSmoothRendering="true" />
    </app>
    
    <!-- Call of Duty Mobile -->
    <app package="com.activision.callofduty.shooter">
        <fps value="120" />
        <options unlockHighFPS="true" enableGPUBoost="true" enableSmoothRendering="true" />
    </app>
    
    <!-- Call of Duty Mobile Garena -->
    <app package="com.garena.game.codm">
        <fps value="120" />
        <options unlockHighFPS="true" enableGPUBoost="true" enableSmoothRendering="true" />
    </app>
</fps-config> 